"","Drzava","Leto","Stevilo"
"1","Belgium",1990,478219
"2","Bulgaria",1990,46433
"3","Denmark",1990,80837
"4","Germany (until 1990 former territory of the FRG)",1990,3040783
"5","Ireland",1990,83420
"6","Greece",1990,132487
"7","Spain",1990,1007014
"8","France",1990,2309130
"9","Croatia",1990,66214
"10","Italy",1990,2395909
"11","Cyprus",1990,19532
"12","Luxembourg",1990,38648
"13","Hungary",1990,143073
"14","Malta",1990,8218
"15","Netherlands",1990,502671
"16","Austria",1990,288636
"17","Poland",1990,358055
"18","Portugal",1990,212348
"19","Finland",1990,139742
"20","Sweden",1990,235192
"21","United Kingdom",1990,2075982
"22","Norway",1990,63668
"23","Switzerland",1990,322974
"24","Turkey",1990,218059
"25","Belgium",1991,46766
"26","Bulgaria",1991,31093
"27","Denmark",1991,83828
"28","Ireland",1991,68533
"29","Greece",1991,176862
"30","Spain",1991,914061
"31","France",1991,2031274
"32","Croatia",1991,85813
"33","Italy",1991,2217257
"34","Cyprus",1991,17681
"35","Luxembourg",1991,44055
"36","Netherlands",1991,490407
"37","Austria",1991,303723
"38","Poland",1991,734885
"39","Portugal",1991,231176
"40","Finland",1991,92979
"41","Sweden",1991,191755
"42","United Kingdom",1991,1665664
"43","Norway",1991,55111
"44","Switzerland",1991,310193
"45","Belgium",1992,485697
"46","Bulgaria",1992,44186
"47","Denmark",1992,84170
"48","Germany (until 1990 former territory of the FRG)",1992,3929558
"49","Estonia",1992,36284
"50","Ireland",1992,67861
"51","Greece",1992,206652
"52","Spain",1992,1008454
"53","France",1992,2105700
"54","Croatia",1992,31928
"55","Italy",1992,2341402
"56","Cyprus",1992,18178
"57","Luxembourg",1992,37133
"58","Hungary",1992,45122
"59","Netherlands",1992,492130
"60","Austria",1992,320094
"61","Poland",1992,471026
"62","Portugal",1992,280035
"63","Slovenia",1992,31191
"64","Finland",1992,68891
"65","Sweden",1992,157295
"66","United Kingdom",1992,1663846
"67","Norway",1992,61648
"68","Switzerland",1992,286289
"69","Turkey",1992,317044
"70","Belgium",1993,392530
"71","Bulgaria",1993,83713
"72","Denmark",1993,82205
"73","Germany (until 1990 former territory of the FRG)",1993,3194204
"74","Estonia",1993,53168
"75","Ireland",1993,60792
"76","Greece",1993,155646
"77","Spain",1993,775461
"78","France",1993,1721222
"79","Croatia",1993,59337
"80","Italy",1993,1645162
"81","Cyprus",1993,12968
"82","Luxembourg",1993,30679
"83","Hungary",1993,63058
"84","Netherlands",1993,391934
"85","Austria",1993,285162
"86","Poland",1993,477353
"87","Portugal",1993,248462
"88","Slovenia",1993,59878
"89","Slovakia",1993,41694
"90","Finland",1993,56003
"91","Sweden",1993,127738
"92","United Kingdom",1993,1845714
"93","Iceland",1993,5662
"94","Norway",1993,63988
"95","Switzerland",1993,256917
"96","Turkey",1993,441534
"97","Belgium",1994,403981
"98","Bulgaria",1994,76529
"99","Denmark",1994,139251
"100","Germany (until 1990 former territory of the FRG)",1994,3209224
"101","Estonia",1994,51217
"102","Ireland",1994,77773
"103","Greece",1994,118088
"104","Spain",1994,938971
"105","France",1994,1972919
"106","Croatia",1994,58499
"107","Italy",1994,1610561
"108","Cyprus",1994,13358
"109","Luxembourg",1994,30124
"110","Hungary",1994,45833
"111","Netherlands",1994,433913
"112","Austria",1994,273663
"113","Poland",1994,486600
"114","Portugal",1994,243254
"115","Slovenia",1994,47217
"116","Finland",1994,67434
"117","Sweden",1994,159578
"118","United Kingdom",1994,1982929
"119","Iceland",1994,5570
"120","Norway",1994,91336
"121","Switzerland",1994,265892
"122","Turkey",1994,244289
"123","Belgium",1995,370165
"124","Bulgaria",1995,56702
"125","Denmark",1995,135058
"126","Germany (until 1990 former territory of the FRG)",1995,3314061
"127","Estonia",1995,44471
"128","Ireland",1995,82730
"129","Greece",1995,133757
"130","Spain",1995,870497
"131","France",1995,1930504
"132","Croatia",1995,67576
"133","Italy",1995,1766101
"134","Cyprus",1995,17938
"135","Latvia",1995,49322
"136","Lithuania",1995,154850
"137","Hungary",1995,55970
"138","Malta",1995,10102
"139","Austria",1995,279610
"140","Poland",1995,450769
"141","Portugal",1995,228812
"142","Slovenia",1995,61700
"143","Finland",1995,80145
"144","Sweden",1995,175061
"145","United Kingdom",1995,1938100
"146","Iceland",1995,6931
"147","Liechtenstein",1995,2
"148","Norway",1995,97880
"149","Switzerland",1995,267975
"150","Turkey",1995,200658
"151","Belgium",1996,408285
"152","Bulgaria",1996,69500
"153","Denmark",1996,142175
"154","Germany (until 1990 former territory of the FRG)",1996,3496320
"155","Estonia",1996,35621
"156","Ireland",1996,109333
"157","Greece",1996,141589
"158","Spain",1996,968363
"159","France",1996,2132091
"160","Croatia",1996,73584
"161","Italy",1996,1843366
"162","Cyprus",1996,20402
"163","Latvia",1996,52112
"164","Lithuania",1996,122142
"165","Hungary",1996,62660
"166","Malta",1996,10624
"167","Austria",1996,307671
"168","Poland",1996,627349
"169","Portugal",1996,268542
"170","Slovenia",1996,59358
"171","Slovakia",1996,107576
"172","Finland",1996,96163
"173","Finland",1996,9233
"174","Finland",1996,49278
"175","Finland",1996,31395
"176","Finland",1996,5919
"177","Sweden",1996,200154
"178","United Kingdom",1996,2105914
"179","Iceland",1996,9515
"180","Liechtenstein",1996,2
"181","Norway",1996,146835
"182","Switzerland",1996,272214
"183","Turkey",1996,219230
"184","Bulgaria",1997,28166
"185","Denmark",1997,152869
"186","Germany (until 1990 former territory of the FRG)",1997,3528179
"187","Estonia",1997,9448
"188","Ireland",1997,125818
"189","Greece",1997,166778
"190","Spain",1997,1091190
"191","France",1997,1713030
"192","Croatia",1997,109144
"193","Italy",1997,2389892
"194","Cyprus",1997,20290
"195","Latvia",1997,71513
"196","Lithuania",1997,173057
"197","Hungary",1997,70827
"198","Malta",1997,9226
"199","Netherlands",1997,478318
"200","Austria",1997,275001
"201","Poland",1997,722245
"202","Portugal",1997,287730
"203","Romania",1997,125142
"204","Slovenia",1997,64357
"205","Slovakia",1997,85551
"206","Finland",1997,104963
"207","Finland",1997,8656
"208","Finland",1997,48956
"209","Finland",1997,36881
"210","Finland",1997,10012
"211","Sweden",1997,258944
"212","United Kingdom",1997,2250870
"213","Iceland",1997,11734
"214","Liechtenstein",1997,2
"215","Norway",1997,154654
"216","Switzerland",1997,270625
"217","Turkey",1997,299108
"218","Belgium",1998,463724
"219","Bulgaria",1998,70797
"220","Denmark",1998,162708
"221","Germany (until 1990 former territory of the FRG)",1998,3735987
"222","Estonia",1998,8400
"223","Ireland",1998,138538
"224","Greece",1998,183657
"225","Spain",1998,1282970
"226","France",1998,1943553
"227","France",1998,699634
"228","France",1998,681762
"229","France",1998,423755
"230","France",1998,138402
"231","Croatia",1998,85893
"232","Italy",1998,2437718
"233","Cyprus",1998,24856
"234","Latvia",1998,57363
"235","Lithuania",1998,147105
"236","Luxembourg",1998,36353
"237","Hungary",1998,101328
"238","Malta",1998,10750
"239","Netherlands",1998,543110
"240","Austria",1998,295865
"241","Poland",1998,557783
"242","Portugal",1998,323981
"243","Romania",1998,105986
"244","Slovenia",1998,71022
"245","Slovakia",1998,76007
"246","Finland",1998,126386
"247","Finland",1998,9780
"248","Finland",1998,52965
"249","Finland",1998,51615
"250","Finland",1998,11386
"251","Sweden",1998,286671
"252","United Kingdom",1998,2362589
"253","Iceland",1998,15064
"254","Liechtenstein",1998,2
"255","Norway",1998,141090
"256","Switzerland",1998,295165
"257","Turkey",1998,271843
"258","Belgium",1999,504203
"259","Bulgaria",1999,103459
"260","Denmark",1999,144259
"261","Germany (until 1990 former territory of the FRG)",1999,3802176
"262","Estonia",1999,6864
"263","Ireland",1999,170322
"264","Greece",1999,268716
"265","Spain",1999,1502531
"266","France",1999,2148423
"267","France",1999,717887
"268","France",1999,743891
"269","France",1999,524282
"270","France",1999,162363
"271","Croatia",1999,89846
"272","Italy",1999,2312309
"273","Cyprus",1999,20133
"274","Latvia",1999,45861
"275","Lithuania",1999,142069
"276","Luxembourg",1999,40989
"277","Hungary",1999,126085
"278","Hungary",1999,59009
"279","Hungary",1999,54260
"280","Hungary",1999,10449
"281","Hungary",1999,2369
"282","Malta",1999,13341
"283","Netherlands",1999,611776
"284","Austria",1999,314182
"285","Austria",1999,46919
"286","Austria",1999,100460
"287","Austria",1999,123374
"288","Austria",1999,43429
"289","Poland",1999,599250
"290","Portugal",1999,351575
"291","Romania",1999,90047
"292","Slovenia",1999,81869
"293","Slovakia",1999,58152
"294","Finland",1999,137017
"295","Finland",1999,9838
"296","Finland",1999,59903
"297","Finland",1999,53119
"298","Finland",1999,13461
"299","Sweden",1999,327710
"300","Sweden",1999,11239
"301","Sweden",1999,69247
"302","Sweden",1999,132186
"303","Sweden",1999,115019
"304","United Kingdom",1999,2414660
"305","Iceland",1999,17007
"306","Iceland",1999,2149
"307","Iceland",1999,6769
"308","Iceland",1999,4157
"309","Iceland",1999,3932
"310","Liechtenstein",1999,2
"311","Norway",1999,123843
"312","Switzerland",1999,314691
"313","Belgium",2000,531640
"314","Bulgaria",2000,98185
"315","Denmark",2000,113631
"316","Germany (until 1990 former territory of the FRG)",2000,3378343
"317","Estonia",2000,10240
"318","Estonia",2000,495
"319","Estonia",2000,4743
"320","Estonia",2000,3395
"321","Estonia",2000,1607
"322","Ireland",2000,225269
"323","Greece",2000,302620
"324","Spain",2000,1467160
"325","France",2000,2133884
"326","France",2000,645293
"327","France",2000,767057
"328","France",2000,570015
"329","France",2000,151519
"330","Croatia",2000,92759
"331","Italy",2000,2359674
"332","Cyprus",2000,19056
"333","Cyprus",2000,7955
"334","Cyprus",2000,7400
"335","Cyprus",2000,1908
"336","Cyprus",2000,1793
"337","Latvia",2000,35745
"338","Latvia",2000,5573
"339","Latvia",2000,16839
"340","Latvia",2000,9146
"341","Latvia",2000,4187
"342","Lithuania",2000,115808
"343","Luxembourg",2000,42304
"344","Hungary",2000,130323
"345","Hungary",2000,55037
"346","Hungary",2000,58167
"347","Hungary",2000,14392
"348","Hungary",2000,2727
"349","Malta",2000,13055
"350","Malta",2000,30
"351","Malta",2000,1730
"352","Malta",2000,5769
"353","Malta",2000,5527
"354","Netherlands",2000,597623
"355","Austria",2000,309427
"356","Austria",2000,41570
"357","Austria",2000,93747
"358","Austria",2000,124112
"359","Austria",2000,49998
"360","Poland",2000,519407
"361","Portugal",2000,340397
"362","Slovenia",2000,64846
"363","Slovakia",2000,54352
"364","Finland",2000,135243
"365","Finland",2000,10323
"366","Finland",2000,47648
"367","Finland",2000,57752
"368","Finland",2000,18871
"369","Sweden",2000,342965
"370","Sweden",2000,12841
"371","Sweden",2000,66330
"372","Sweden",2000,134079
"373","Sweden",2000,129715
"374","United Kingdom",2000,2432149
"375","Iceland",2000,14769
"376","Iceland",2000,1765
"377","Iceland",2000,5026
"378","Iceland",2000,4214
"379","Iceland",2000,3764
"380","Liechtenstein",2000,2
"381","Liechtenstein",2000,0
"382","Liechtenstein",2000,0
"383","Liechtenstein",2000,1
"384","Liechtenstein",2000,1
"385","Norway",2000,126978
"386","Switzerland",2000,314482
"387","Turkey",2000,354013
"388","Belgium",2001,499779
"389","Bulgaria",2001,117333
"390","Denmark",2001,96114
"391","Germany (until 1990 former territory of the FRG)",2001,3341718
"392","Estonia",2001,12822
"393","Estonia",2001,776
"394","Estonia",2001,5454
"395","Estonia",2001,4350
"396","Estonia",2001,2242
"397","Ireland",2001,160908
"398","Greece",2001,289943
"399","Spain",2001,1498899
"400","France",2001,2254732
"401","France",2001,589261
"402","France",2001,754582
"403","France",2001,736334
"404","France",2001,174555
"405","Croatia",2001,108484
"406","Italy",2001,2379980
"407","Cyprus",2001,24533
"408","Cyprus",2001,10338
"409","Cyprus",2001,9164
"410","Cyprus",2001,2656
"411","Cyprus",2001,2375
"412","Latvia",2001,37850
"413","Latvia",2001,4531
"414","Latvia",2001,15601
"415","Latvia",2001,11204
"416","Latvia",2001,6514
"417","Lithuania",2001,71328
"418","Luxembourg",2001,43164
"419","Hungary",2001,137771
"420","Hungary",2001,57972
"421","Hungary",2001,58628
"422","Hungary",2001,17242
"423","Hungary",2001,3929
"424","Malta",2001,10295
"425","Malta",2001,11
"426","Malta",2001,2072
"427","Malta",2001,3504
"428","Malta",2001,4708
"429","Netherlands",2001,530287
"430","Austria",2001,293528
"431","Austria",2001,36971
"432","Austria",2001,80522
"433","Austria",2001,122473
"434","Austria",2001,53562
"435","Poland",2001,450095
"436","Portugal",2001,302763
"437","Slovenia",2001,55432
"438","Slovakia",2001,66759
"439","Finland",2001,109911
"440","Finland",2001,7229
"441","Finland",2001,35023
"442","Finland",2001,47287
"443","Finland",2001,19888
"444","Sweden",2001,280280
"445","Sweden",2001,6341
"446","Sweden",2001,48639
"447","Sweden",2001,99412
"448","Sweden",2001,125888
"449","United Kingdom",2001,2663288
"450","Iceland",2001,7669
"451","Iceland",2001,792
"452","Iceland",2001,2133
"453","Iceland",2001,2803
"454","Iceland",2001,1941
"455","Liechtenstein",2001,2
"456","Liechtenstein",2001,0
"457","Liechtenstein",2001,0
"458","Liechtenstein",2001,1
"459","Liechtenstein",2001,1
"460","Switzerland",2001,314580
"461","Turkey",2001,117196
"462","Belgium",2002,472830
"463","Bulgaria",2002,121512
"464","Denmark",2002,111598
"465","Germany (until 1990 former territory of the FRG)",2002,3252898
"466","Estonia",2002,14701
"467","Estonia",2002,549
"468","Estonia",2002,5363
"469","Estonia",2002,5761
"470","Estonia",2002,3028
"471","Ireland",2002,150485
"472","Greece",2002,277567
"473","Spain",2002,1408426
"474","France",2002,2145071
"475","France",2002,503249
"476","France",2002,680477
"477","France",2002,772313
"478","France",2002,189032
"479","Croatia",2002,94989
"480","Italy",2002,2235948
"481","Cyprus",2002,28101
"482","Cyprus",2002,10376
"483","Cyprus",2002,11300
"484","Cyprus",2002,4291
"485","Cyprus",2002,2134
"486","Latvia",2002,40335
"487","Latvia",2002,3944
"488","Latvia",2002,16540
"489","Latvia",2002,12189
"490","Latvia",2002,7662
"491","Lithuania",2002,93305
"492","Lithuania",2002,19134
"493","Lithuania",2002,41081
"494","Lithuania",2002,23854
"495","Lithuania",2002,9236
"496","Luxembourg",2002,43677
"497","Hungary",2002,160238
"498","Hungary",2002,64247
"499","Hungary",2002,70182
"500","Hungary",2002,20456
"501","Hungary",2002,5353
"502","Malta",2002,10267
"503","Malta",2002,44
"504","Malta",2002,2647
"505","Malta",2002,2744
"506","Malta",2002,4832
"507","Netherlands",2002,510744
"508","Austria",2002,279493
"509","Austria",2002,30707
"510","Austria",2002,75438
"511","Austria",2002,112971
"512","Austria",2002,60377
"513","Poland",2002,421167
"514","Poland",2002,120628
"515","Poland",2002,183288
"516","Poland",2002,84443
"517","Poland",2002,32808
"518","Portugal",2002,267374
"519","Slovenia",2002,52310
"520","Slovakia",2002,67298
"521","Finland",2002,117486
"522","Finland",2002,8049
"523","Finland",2002,35362
"524","Finland",2002,50915
"525","Finland",2002,22708
"526","Sweden",2002,281446
"527","Sweden",2002,4286
"528","Sweden",2002,46496
"529","Sweden",2002,96931
"530","Sweden",2002,133733
"531","United Kingdom",2002,2756342
"532","Iceland",2002,7375
"533","Iceland",2002,694
"534","Iceland",2002,1841
"535","Iceland",2002,2903
"536","Iceland",2002,1937
"537","Liechtenstein",2002,2
"538","Liechtenstein",2002,0
"539","Liechtenstein",2002,0
"540","Liechtenstein",2002,1
"541","Liechtenstein",2002,1
"542","Switzerland",2002,293034
"543","Turkey",2002,170191
"544","Belgium",2003,463173
"545","Bulgaria",2003,143480
"546","Czech Republic",2003,144849
"547","Germany (until 1990 former territory of the FRG)",2003,3236938
"548","Estonia",2003,15824
"549","Estonia",2003,466
"550","Estonia",2003,5103
"551","Estonia",2003,6595
"552","Estonia",2003,3660
"553","Ireland",2003,142992
"554","Greece",2003,272515
"555","France",2003,2009246
"556","France",2003,442001
"557","France",2003,589925
"558","France",2003,754042
"559","France",2003,223278
"560","Croatia",2003,104399
"561","Cyprus",2003,29961
"562","Cyprus",2003,10019
"563","Cyprus",2003,13026
"564","Cyprus",2003,4907
"565","Cyprus",2003,2009
"566","Latvia",2003,50290
"567","Latvia",2003,3875
"568","Latvia",2003,20226
"569","Latvia",2003,16000
"570","Latvia",2003,10189
"571","Lithuania",2003,118263
"572","Lithuania",2003,21947
"573","Lithuania",2003,53708
"574","Lithuania",2003,30410
"575","Lithuania",2003,12198
"576","Luxembourg",2003,43765
"577","Hungary",2003,190107
"578","Hungary",2003,73880
"579","Hungary",2003,84924
"580","Hungary",2003,24116
"581","Hungary",2003,7187
"582","Netherlands",2003,488977
"583","Austria",2003,300121
"584","Austria",2003,29128
"585","Austria",2003,80882
"586","Austria",2003,118692
"587","Austria",2003,71419
"588","Poland",2003,274392
"589","Poland",2003,72927
"590","Poland",2003,111138
"591","Poland",2003,65310
"592","Poland",2003,25017
"593","Slovenia",2003,55314
"594","Slovakia",2003,71954
"595","Finland",2003,148020
"596","Finland",2003,7352
"597","Finland",2003,40294
"598","Finland",2003,69911
"599","Finland",2003,29809
"600","Sweden",2003,293035
"601","Sweden",2003,3449
"602","Sweden",2003,46250
"603","Sweden",2003,96831
"604","Sweden",2003,146505
"605","United Kingdom",2003,2720096
"606","Iceland",2003,10833
"607","Iceland",2003,793
"608","Iceland",2003,2650
"609","Iceland",2003,3987
"610","Iceland",2003,3403
"611","Liechtenstein",2003,1770
"612","Liechtenstein",2003,60
"613","Liechtenstein",2003,360
"614","Liechtenstein",2003,480
"615","Liechtenstein",2003,870
"616","Switzerland",2003,269711
"617","Turkey",2003,176217
"618","Belgium",2004,489346
"619","Bulgaria",2004,150803
"620","Czech Republic",2004,123579
"621","Germany (until 1990 former territory of the FRG)",2004,3266826
"622","Estonia",2004,16514
"623","Estonia",2004,396
"624","Estonia",2004,4687
"625","Estonia",2004,7048
"626","Estonia",2004,4383
"627","Ireland",2004,149635
"628","France",2004,2013709
"629","France",2004,410603
"630","France",2004,544747
"631","France",2004,776691
"632","France",2004,281668
"633","Croatia",2004,99863
"634","Cyprus",2004,43842
"635","Latvia",2004,57474
"636","Latvia",2004,3374
"637","Latvia",2004,20195
"638","Latvia",2004,19812
"639","Latvia",2004,14093
"640","Lithuania",2004,134612
"641","Lithuania",2004,19651
"642","Lithuania",2004,56949
"643","Lithuania",2004,39319
"644","Lithuania",2004,18693
"645","Luxembourg",2004,48273
"646","Hungary",2004,188488
"647","Hungary",2004,64739
"648","Hungary",2004,84734
"649","Hungary",2004,29092
"650","Hungary",2004,9946
"651","Netherlands",2004,483885
"652","Austria",2004,311292
"653","Austria",2004,31688
"654","Austria",2004,79780
"655","Austria",2004,123022
"656","Austria",2004,76802
"657","Poland",2004,833021
"658","Poland",2004,179278
"659","Poland",2004,357601
"660","Poland",2004,196486
"661","Poland",2004,99656
"662","Romania",2004,149290
"663","Slovenia",2004,58945
"664","Slovakia",2004,71954
"665","Finland",2004,143160
"666","Finland",2004,6237
"667","Finland",2004,31979
"668","Finland",2004,72393
"669","Finland",2004,32033
"670","Sweden",2004,297405
"671","Sweden",2004,4076
"672","Sweden",2004,46171
"673","Sweden",2004,100116
"674","Sweden",2004,147042
"675","United Kingdom",2004,2668449
"676","Iceland",2004,13927
"677","Iceland",2004,985
"678","Iceland",2004,2966
"679","Iceland",2004,4678
"680","Iceland",2004,5298
"681","Liechtenstein",2004,1790
"682","Liechtenstein",2004,40
"683","Liechtenstein",2004,300
"684","Liechtenstein",2004,490
"685","Liechtenstein",2004,960
"686","Norway",2004,145538
"687","Norway",2004,10265
"688","Norway",2004,33520
"689","Norway",2004,65229
"690","Norway",2004,36524
"691","Switzerland",2004,267476
"692","Switzerland",2004,9136
"693","Switzerland",2004,48954
"694","Switzerland",2004,76767
"695","Switzerland",2004,132625
"696","Turkey",2004,432728
"697","Belgium",2005,484915
"698","Bulgaria",2005,168102
"699","Czech Republic",2005,125166
"700","Germany (until 1990 former territory of the FRG)",2005,3342122
"701","Croatia",2005,101916
"702","Cyprus",2005,38676
"703","Cyprus",2005,2939
"704","Cyprus",2005,11835
"705","Cyprus",2005,14155
"706","Cyprus",2005,9747
"707","Latvia",2005,69704
"708","Latvia",2005,2753
"709","Latvia",2005,21708
"710","Latvia",2005,24102
"711","Latvia",2005,21141
"712","Lithuania",2005,173644
"713","Lithuania",2005,15676
"714","Lithuania",2005,71259
"715","Lithuania",2005,55424
"716","Lithuania",2005,31285
"717","Luxembourg",2005,48517
"718","Netherlands",2005,465196
"719","Poland",2005,979082
"720","Poland",2005,155185
"721","Poland",2005,379217
"722","Poland",2005,271965
"723","Poland",2005,17271
"724","Slovenia",2005,60531
"725","Sweden",2005,297050
"726","Sweden",2005,3449
"727","Sweden",2005,42181
"728","Sweden",2005,101579
"729","Sweden",2005,149840
"730","Iceland",2005,22141
"731","Iceland",2005,1229
"732","Iceland",2005,4030
"733","Iceland",2005,6452
"734","Iceland",2005,10430
"735","Switzerland",2005,260682
"736","Switzerland",2005,8704
"737","Switzerland",2005,42617
"738","Switzerland",2005,74455
"739","Switzerland",2005,134906
"740","Turkey",2005,406807
"741","Belgium",2006,530941
"742","Bulgaria",2006,182095
"743","Czech Republic",2006,120370
"744","Denmark",2006,131605
"745","Germany (until 1990 former territory of the FRG)",2006,3467961
"746","Estonia",2006,25372
"747","Estonia",2006,518
"748","Estonia",2006,5198
"749","Estonia",2006,11164
"750","Estonia",2006,8492
"751","Spain",2006,1660627
"752","Spain",2006,117237
"753","Spain",2006,515740
"754","Spain",2006,715678
"755","Spain",2006,314657
"756","France",2006,2000549
"757","France",2006,258059
"758","France",2006,731692
"759","France",2006,663822
"760","France",2006,346976
"761","Croatia",2006,114680
"762","Cyprus",2006,37192
"763","Cyprus",2006,2826
"764","Cyprus",2006,11381
"765","Cyprus",2006,13612
"766","Cyprus",2006,9373
"767","Latvia",2006,97399
"768","Latvia",2006,2181
"769","Latvia",2006,24492
"770","Latvia",2006,35466
"771","Latvia",2006,35260
"772","Lithuania",2006,185271
"773","Lithuania",2006,11714
"774","Lithuania",2006,68070
"775","Lithuania",2006,65385
"776","Lithuania",2006,40102
"777","Luxembourg",2006,50837
"778","Luxembourg",2006,954
"779","Luxembourg",2006,9497
"780","Luxembourg",2006,16018
"781","Luxembourg",2006,24368
"782","Hungary",2006,151670
"783","Netherlands",2006,483999
"784","Austria",2006,308594
"785","Austria",2006,21559
"786","Austria",2006,91900
"787","Austria",2006,97101
"788","Austria",2006,97734
"789","Poland",2006,923783
"790","Poland",2006,112273
"791","Poland",2006,313980
"792","Poland",2006,279977
"793","Poland",2006,217553
"794","Romania",2006,312515
"795","Slovenia",2006,59885
"796","Finland",2006,146201
"797","Finland",2006,4776
"798","Finland",2006,26525
"799","Finland",2006,67984
"800","Finland",2006,46415
"801","Sweden",2006,300502
"802","Sweden",2006,5848
"803","Sweden",2006,41009
"804","Sweden",2006,94065
"805","Sweden",2006,159580
"806","Liechtenstein",2006,1890
"807","Liechtenstein",2006,70
"808","Liechtenstein",2006,260
"809","Liechtenstein",2006,450
"810","Liechtenstein",2006,1110
"811","Norway",2006,142572
"812","Norway",2006,5764
"813","Norway",2006,30620
"814","Norway",2006,51706
"815","Norway",2006,54482
"816","Switzerland",2006,269700
"817","Switzerland",2006,10100
"818","Switzerland",2006,45600
"819","Switzerland",2006,72300
"820","Switzerland",2006,141800
"821","Turkey",2006,396542
"822","Belgium",2007,529606
"823","Bulgaria",2007,348887
"824","Czech Republic",2007,129443
"825","Denmark",2007,252183
"826","Germany (until 1990 former territory of the FRG)",2007,3148163
"827","Estonia",2007,30916
"828","Estonia",2007,562
"829","Estonia",2007,4901
"830","Estonia",2007,13846
"831","Estonia",2007,11607
"832","Ireland",2007,180754
"833","Spain",2007,1633806
"834","Spain",2007,69232
"835","Spain",2007,486215
"836","Spain",2007,710496
"837","Spain",2007,364100
"838","France",2007,2064543
"839","France",2007,227495
"840","France",2007,716030
"841","France",2007,699993
"842","France",2007,421025
"843","Croatia",2007,108015
"844","Croatia",2007,10746
"845","Croatia",2007,44166
"846","Croatia",2007,34268
"847","Croatia",2007,18835
"848","Italy",2007,2514905
"849","Cyprus",2007,50908
"850","Cyprus",2007,3868
"851","Cyprus",2007,15710
"852","Cyprus",2007,18602
"853","Cyprus",2007,12728
"854","Latvia",2007,107003
"855","Latvia",2007,1385
"856","Latvia",2007,21081
"857","Latvia",2007,39378
"858","Latvia",2007,45159
"859","Lithuania",2007,220236
"860","Lithuania",2007,10217
"861","Lithuania",2007,68268
"862","Lithuania",2007,84880
"863","Lithuania",2007,56871
"864","Luxembourg",2007,51332
"865","Luxembourg",2007,828
"866","Luxembourg",2007,9688
"867","Luxembourg",2007,16717
"868","Luxembourg",2007,24099
"869","Hungary",2007,136032
"870","Netherlands",2007,505643
"871","Austria",2007,298182
"872","Austria",2007,17921
"873","Austria",2007,89033
"874","Austria",2007,100483
"875","Austria",2007,90745
"876","Poland",2007,1128684
"877","Poland",2007,106186
"878","Poland",2007,322555
"879","Poland",2007,373026
"880","Poland",2007,326917
"881","Romania",2007,436349
"882","Slovenia",2007,67791
"883","Slovakia",2007,146292
"884","Finland",2007,126022
"885","Finland",2007,1984
"886","Finland",2007,19377
"887","Finland",2007,57559
"888","Finland",2007,46425
"889","Sweden",2007,321705
"890","Sweden",2007,8767
"891","Sweden",2007,35557
"892","Sweden",2007,102098
"893","Sweden",2007,175283
"894","Liechtenstein",2007,1990
"895","Liechtenstein",2007,60
"896","Liechtenstein",2007,260
"897","Liechtenstein",2007,440
"898","Liechtenstein",2007,1230
"899","Norway",2007,162970
"900","Norway",2007,5357
"901","Norway",2007,27945
"902","Norway",2007,67389
"903","Norway",2007,62279
"904","Switzerland",2007,284000
"905","Switzerland",2007,10200
"906","Switzerland",2007,45600
"907","Switzerland",2007,76800
"908","Switzerland",2007,151400
"909","Turkey",2007,353495
"910","Belgium",2008,540542
"911","Bulgaria",2008,351433
"912","Czech Republic",2008,141954
"913","Denmark",2008,184323
"914","Germany (until 1990 former territory of the FRG)",2008,3090040
"915","Estonia",2008,24590
"916","Estonia",2008,391
"917","Estonia",2008,3884
"918","Estonia",2008,11413
"919","Estonia",2008,8902
"920","Spain",2008,1188485
"921","Spain",2008,61909
"922","Spain",2008,352392
"923","Spain",2008,523598
"924","Spain",2008,250586
"925","France",2008,2050283
"926","France",2008,281019
"927","France",2008,713753
"928","France",2008,725261
"929","France",2008,330250
"930","Croatia",2008,96712
"931","Croatia",2008,7256
"932","Croatia",2008,37627
"933","Croatia",2008,33868
"934","Croatia",2008,17961
"935","Italy",2008,2193822
"936","Cyprus",2008,51410
"937","Cyprus",2008,3885
"938","Cyprus",2008,15748
"939","Cyprus",2008,18814
"940","Cyprus",2008,12963
"941","Latvia",2008,54759
"942","Latvia",2008,673
"943","Latvia",2008,9713
"944","Latvia",2008,20676
"945","Latvia",2008,23697
"946","Lithuania",2008,191768
"947","Lithuania",2008,7830
"948","Lithuania",2008,50733
"949","Lithuania",2008,76495
"950","Lithuania",2008,56710
"951","Luxembourg",2008,52359
"952","Luxembourg",2008,1081
"953","Luxembourg",2008,9310
"954","Luxembourg",2008,17772
"955","Luxembourg",2008,24196
"956","Hungary",2008,176678
"957","Hungary",2008,26808
"958","Hungary",2008,72736
"959","Hungary",2008,46758
"960","Hungary",2008,30376
"961","Malta",2008,9598
"962","Malta",2008,47
"963","Malta",2008,5459
"964","Malta",2008,4000
"965","Malta",2008,92
"966","Netherlands",2008,499921
"967","Austria",2008,293697
"968","Austria",2008,25570
"969","Austria",2008,85708
"970","Austria",2008,96969
"971","Austria",2008,85450
"972","Poland",2008,1280633
"973","Poland",2008,84670
"974","Poland",2008,302045
"975","Poland",2008,439382
"976","Poland",2008,454536
"977","Romania",2008,586476
"978","Slovenia",2008,71037
"979","Slovakia",2008,151814
"980","Finland",2008,140216
"981","Finland",2008,1761
"982","Finland",2008,19682
"983","Finland",2008,64193
"984","Finland",2008,54030
"985","Sweden",2008,257806
"986","Sweden",2008,8513
"987","Sweden",2008,30085
"988","Sweden",2008,83348
"989","Sweden",2008,135860
"990","United Kingdom",2008,2112000
"991","Liechtenstein",2008,2005
"992","Liechtenstein",2008,62
"993","Liechtenstein",2008,336
"994","Liechtenstein",2008,472
"995","Liechtenstein",2008,1135
"996","Norway",2008,138241
"997","Norway",2008,5037
"998","Norway",2008,19667
"999","Norway",2008,56865
"1000","Norway",2008,56672
"1001","Switzerland",2008,288000
"1002","Switzerland",2008,13800
"1003","Switzerland",2008,56500
"1004","Switzerland",2008,80400
"1005","Switzerland",2008,137300
"1006","Turkey",2008,353168
"1007","Belgium",2009,479920
"1008","Bulgaria",2009,201304
"1009","Czech Republic",2009,160614
"1010","Germany (until 1990 former territory of the FRG)",2009,3807175
"1011","Estonia",2009,9948
"1012","Estonia",2009,102
"1013","Estonia",2009,1277
"1014","Estonia",2009,4606
"1015","Estonia",2009,3963
"1016","Spain",2009,971177
"1017","Spain",2009,63745
"1018","Spain",2009,190605
"1019","Spain",2009,275269
"1020","Spain",2009,441558
"1021","France",2009,2269011
"1022","France",2009,455091
"1023","France",2009,795727
"1024","France",2009,720559
"1025","France",2009,297634
"1026","Croatia",2009,53569
"1027","Croatia",2009,3987
"1028","Croatia",2009,18859
"1029","Croatia",2009,19285
"1030","Croatia",2009,11438
"1031","Italy",2009,2176940
"1032","Cyprus",2009,37494
"1033","Cyprus",2009,2909
"1034","Cyprus",2009,10854
"1035","Cyprus",2009,12647
"1036","Cyprus",2009,11084
"1037","Latvia",2009,17288
"1038","Latvia",2009,295
"1039","Latvia",2009,2867
"1040","Latvia",2009,6386
"1041","Latvia",2009,7740
"1042","Lithuania",2009,136803
"1043","Lithuania",2009,4372
"1044","Lithuania",2009,31063
"1045","Lithuania",2009,57292
"1046","Lithuania",2009,44076
"1047","Luxembourg",2009,47264
"1048","Malta",2009,15816
"1049","Malta",2009,316
"1050","Malta",2009,1993
"1051","Malta",2009,6532
"1052","Malta",2009,6975
"1053","Austria",2009,319403
"1054","Austria",2009,43316
"1055","Austria",2009,100243
"1056","Austria",2009,98153
"1057","Austria",2009,77692
"1058","Poland",2009,864295
"1059","Poland",2009,47204
"1060","Poland",2009,191557
"1061","Poland",2009,307835
"1062","Poland",2009,317699
"1063","Portugal",2009,181132
"1064","Romania",2009,328880
"1065","Slovenia",2009,57391
"1066","Slovakia",2009,148370
"1067","Finland",2009,90923
"1068","Finland",2009,1350
"1069","Finland",2009,12858
"1070","Finland",2009,39202
"1071","Finland",2009,37180
"1072","Sweden",2009,212695
"1073","Sweden",2009,6354
"1074","Sweden",2009,27893
"1075","Sweden",2009,63844
"1076","Sweden",2009,114604
"1077","United Kingdom",2009,1968000
"1078","Liechtenstein",2009,1620
"1079","Liechtenstein",2009,67
"1080","Liechtenstein",2009,283
"1081","Liechtenstein",2009,396
"1082","Liechtenstein",2009,874
"1083","Norway",2009,125903
"1084","Norway",2009,6701
"1085","Norway",2009,18237
"1086","Norway",2009,43724
"1087","Norway",2009,57241
"1088","Switzerland",2009,266500
"1089","Switzerland",2009,13300
"1090","Switzerland",2009,54200
"1091","Switzerland",2009,75600
"1092","Switzerland",2009,123400
"1093","Turkey",2009,357986
"1094","Belgium",2010,551661
"1095","Bulgaria",2010,186092
"1096","Czech Republic",2010,168372
"1097","Germany (until 1990 former territory of the FRG)",2010,2916260
"1098","Estonia",2010,10294
"1099","Estonia",2010,98
"1100","Estonia",2010,1366
"1101","Estonia",2010,4550
"1102","Estonia",2010,4280
"1103","Greece",2010,153847
"1104","Spain",2010,1000010
"1105","Spain",2010,89015
"1106","Spain",2010,286414
"1107","Spain",2010,421096
"1108","Spain",2010,203485
"1109","France",2010,2210186
"1110","France",2010,354252
"1111","France",2010,854789
"1112","France",2010,669019
"1113","France",2010,332017
"1114","Croatia",2010,46437
"1115","Croatia",2010,3133
"1116","Croatia",2010,16970
"1117","Croatia",2010,17318
"1118","Croatia",2010,9016
"1119","Italy",2010,1971830
"1120","Cyprus",2010,32680
"1121","Cyprus",2010,2842
"1122","Cyprus",2010,9481
"1123","Cyprus",2010,11123
"1124","Cyprus",2010,9234
"1125","Latvia",2010,26656
"1126","Latvia",2010,402
"1127","Latvia",2010,4193
"1128","Latvia",2010,10010
"1129","Latvia",2010,12051
"1130","Lithuania",2010,161266
"1131","Lithuania",2010,3434
"1132","Lithuania",2010,29307
"1133","Lithuania",2010,66460
"1134","Lithuania",2010,62075
"1135","Luxembourg",2010,49726
"1136","Hungary",2010,61324
"1137","Hungary",2010,5723
"1138","Hungary",2010,18817
"1139","Hungary",2010,21079
"1140","Hungary",2010,15705
"1141","Malta",2010,13605
"1142","Malta",2010,181
"1143","Malta",2010,1292
"1144","Malta",2010,5954
"1145","Malta",2010,6178
"1146","Netherlands",2010,482633
"1147","Austria",2010,328563
"1148","Austria",2010,40490
"1149","Austria",2010,91545
"1150","Austria",2010,110597
"1151","Austria",2010,85931
"1152","Poland",2010,873098
"1153","Poland",2010,45982
"1154","Poland",2010,186598
"1155","Poland",2010,315799
"1156","Poland",2010,324719
"1157","Portugal",2010,248813
"1158","Romania",2010,309952
"1159","Romania",2010,32904
"1160","Romania",2010,134694
"1161","Romania",2010,96297
"1162","Romania",2010,46057
"1163","Slovenia",2010,60777
"1164","Slovakia",2010,126663
"1165","Finland",2010,112418
"1166","Finland",2010,1747
"1167","Finland",2010,18913
"1168","Finland",2010,50210
"1169","Finland",2010,41102
"1170","Sweden",2010,308718
"1171","Sweden",2010,7562
"1172","Sweden",2010,44464
"1173","Sweden",2010,83701
"1174","Sweden",2010,172991
"1175","United Kingdom",2010,1996324
"1176","Liechtenstein",2010,1782
"1177","Liechtenstein",2010,62
"1178","Liechtenstein",2010,278
"1179","Liechtenstein",2010,422
"1180","Liechtenstein",2010,1020
"1181","Norway",2010,159374
"1182","Norway",2010,9058
"1183","Norway",2010,28635
"1184","Norway",2010,54294
"1185","Norway",2010,67387
"1186","Switzerland",2010,296600
"1187","Switzerland",2010,12600
"1188","Switzerland",2010,64500
"1189","Switzerland",2010,83700
"1190","Switzerland",2010,135800
"1191","Turkey",2010,485619
"1192","Belgium",2011,577382
"1193","Bulgaria",2011,191430
"1194","Czech Republic",2011,172787
"1195","Germany (until 1990 former territory of the FRG)",2011,3173634
"1196","Estonia",2011,17058
"1197","Estonia",2011,88
"1198","Estonia",2011,2217
"1199","Estonia",2011,6345
"1200","Estonia",2011,8408
"1201","Ireland",2011,104022
"1202","Greece",2011,107737
"1203","Spain",2011,817688
"1204","Spain",2011,64806
"1205","Spain",2011,245616
"1206","Spain",2011,332291
"1207","Spain",2011,174975
"1208","France",2011,2160928
"1209","France",2011,320073
"1210","France",2011,751195
"1211","France",2011,721673
"1212","France",2011,367822
"1213","Croatia",2011,48883
"1214","Croatia",2011,3282
"1215","Croatia",2011,16366
"1216","Croatia",2011,19776
"1217","Croatia",2011,9459
"1218","Italy",2011,1764592
"1219","Cyprus",2011,27929
"1220","Cyprus",2011,1900
"1221","Cyprus",2011,7828
"1222","Cyprus",2011,10711
"1223","Cyprus",2011,7490
"1224","Latvia",2011,43468
"1225","Latvia",2011,600
"1226","Latvia",2011,5525
"1227","Latvia",2011,15891
"1228","Latvia",2011,21452
"1229","Lithuania",2011,132117
"1230","Lithuania",2011,2174
"1231","Lithuania",2011,20126
"1232","Lithuania",2011,54409
"1233","Lithuania",2011,55408
"1234","Luxembourg",2011,49881
"1235","Hungary",2011,76528
"1236","Hungary",2011,6913
"1237","Hungary",2011,21756
"1238","Hungary",2011,27360
"1239","Hungary",2011,20499
"1240","Malta",2011,15875
"1241","Malta",2011,239
"1242","Malta",2011,1617
"1243","Malta",2011,5024
"1244","Malta",2011,8995
"1245","Netherlands",2011,555846
"1246","Austria",2011,356145
"1247","Austria",2011,36616
"1248","Austria",2011,87834
"1249","Austria",2011,122706
"1250","Austria",2011,108989
"1251","Poland",2011,928457
"1252","Poland",2011,45139
"1253","Poland",2011,191140
"1254","Poland",2011,326470
"1255","Poland",2011,365708
"1256","Portugal",2011,177183
"1257","Romania",2011,176555
"1258","Romania",2011,17820
"1259","Romania",2011,71179
"1260","Romania",2011,56378
"1261","Romania",2011,31178
"1262","Slovenia",2011,59813
"1263","Slovakia",2011,130772
"1264","Finland",2011,126651
"1265","Finland",2011,2075
"1266","Finland",2011,19275
"1267","Finland",2011,50019
"1268","Finland",2011,54760
"1269","Sweden",2011,326615
"1270","Sweden",2011,7216
"1271","Sweden",2011,43578
"1272","Sweden",2011,87496
"1273","Sweden",2011,188325
"1274","United Kingdom",2011,1907411
"1275","Liechtenstein",2011,2029
"1276","Liechtenstein",2011,61
"1277","Liechtenstein",2011,373
"1278","Liechtenstein",2011,506
"1279","Liechtenstein",2011,1089
"1280","Norway",2011,168552
"1281","Norway",2011,9144
"1282","Norway",2011,31040
"1283","Norway",2011,61481
"1284","Norway",2011,66887
"1285","Switzerland",2011,328000
"1286","Switzerland",2011,10500
"1287","Switzerland",2011,66000
"1288","Switzerland",2011,94300
"1289","Switzerland",2011,157300
"1290","Turkey",2011,602248
"1291","Belgium",2012,490711
"1292","Bulgaria",2012,196614
"1293","Czech Republic",2012,174311
"1294","Germany (until 1990 former territory of the FRG)",2012,3082504
"1295","Estonia",2012,19422
"1296","Estonia",2012,133
"1297","Estonia",2012,2666
"1298","Estonia",2012,7230
"1299","Estonia",2012,9393
"1300","Ireland",2012,77506
"1301","Greece",2012,64301
"1302","Spain",2012,710638
"1303","Spain",2012,95345
"1304","Spain",2012,207930
"1305","Spain",2012,253325
"1306","Spain",2012,154038
"1307","France",2012,1857013
"1308","France",2012,258194
"1309","France",2012,644537
"1310","France",2012,608336
"1311","France",2012,345355
"1312","Croatia",2012,40825
"1313","Croatia",2012,3203
"1314","Croatia",2012,12594
"1315","Croatia",2012,15803
"1316","Croatia",2012,9210
"1317","Italy",2012,1403043
"1318","Cyprus",2012,20556
"1319","Cyprus",2012,1722
"1320","Cyprus",2012,6239
"1321","Cyprus",2012,7626
"1322","Cyprus",2012,4969
"1323","Latvia",2012,50135
"1324","Latvia",2012,553
"1325","Latvia",2012,4983
"1326","Latvia",2012,16421
"1327","Latvia",2012,28178
"1328","Lithuania",2012,153024
"1329","Lithuania",2012,2145
"1330","Lithuania",2012,19766
"1331","Lithuania",2012,60598
"1332","Lithuania",2012,70515
"1333","Luxembourg",2012,50398
"1334","Hungary",2012,106671
"1335","Hungary",2012,11396
"1336","Hungary",2012,29657
"1337","Hungary",2012,35289
"1338","Hungary",2012,30329
"1339","Malta",2012,13037
"1340","Malta",2012,169
"1341","Malta",2012,1051
"1342","Malta",2012,4063
"1343","Malta",2012,7754
"1344","Netherlands",2012,502479
"1345","Austria",2012,336010
"1346","Austria",2012,35161
"1347","Austria",2012,78824
"1348","Austria",2012,114698
"1349","Austria",2012,107327
"1350","Poland",2012,908906
"1351","Poland",2012,44296
"1352","Poland",2012,181179
"1353","Poland",2012,300929
"1354","Poland",2012,382502
"1355","Portugal",2012,110002
"1356","Romania",2012,242025
"1357","Romania",2012,25179
"1358","Romania",2012,78420
"1359","Romania",2012,82381
"1360","Romania",2012,56045
"1361","Slovenia",2012,49700
"1362","Slovakia",2012,130818
"1363","Finland",2012,111664
"1364","Finland",2012,2446
"1365","Finland",2012,18337
"1366","Finland",2012,41036
"1367","Finland",2012,49448
"1368","Sweden",2012,301316
"1369","Sweden",2012,7031
"1370","Sweden",2012,38966
"1371","Sweden",2012,75401
"1372","Sweden",2012,179918
"1373","Liechtenstein",2012,2108
"1374","Liechtenstein",2012,81
"1375","Liechtenstein",2012,337
"1376","Liechtenstein",2012,489
"1377","Liechtenstein",2012,1201
"1378","Norway",2012,171828
"1379","Norway",2012,9943
"1380","Norway",2012,30467
"1381","Norway",2012,62516
"1382","Norway",2012,68902
"1383","Switzerland",2012,334000
"1384","Switzerland",2012,12900
"1385","Switzerland",2012,60800
"1386","Switzerland",2012,88800
"1387","Switzerland",2012,171600
"1388","Turkey",2012,565791
"1389","Belgium",2013,490369
"1390","Bulgaria",2013,199963
"1391","Czech Republic",2013,164627
"1392","Germany (until 1990 former territory of the FRG)",2013,2952431
"1393","Estonia",2013,19690
"1394","Estonia",2013,146
"1395","Estonia",2013,2641
"1396","Estonia",2013,7172
"1397","Estonia",2013,9731
"1398","Greece",2013,64932
"1399","Spain",2013,742305
"1400","Spain",2013,191855
"1401","Spain",2013,206532
"1402","Spain",2013,206592
"1403","Spain",2013,137326
"1404","France",2013,1756953
"1405","France",2013,244518
"1406","France",2013,698874
"1407","France",2013,542732
"1408","France",2013,270829
"1409","Croatia",2013,46563
"1410","Croatia",2013,3221
"1411","Croatia",2013,14158
"1412","Croatia",2013,17786
"1413","Croatia",2013,11398
"1414","Italy",2013,1311334
"1415","Cyprus",2013,14771
"1416","Cyprus",2013,1872
"1417","Cyprus",2013,4533
"1418","Cyprus",2013,4755
"1419","Cyprus",2013,3611
"1420","Latvia",2013,55808
"1421","Latvia",2013,524
"1422","Latvia",2013,4480
"1423","Latvia",2013,16976
"1424","Latvia",2013,33828
"1425","Lithuania",2013,155855
"1426","Lithuania",2013,2059
"1427","Lithuania",2013,17770
"1428","Lithuania",2013,57733
"1429","Lithuania",2013,78293
"1430","Hungary",2013,126937
"1431","Hungary",2013,11909
"1432","Hungary",2013,33365
"1433","Hungary",2013,43548
"1434","Hungary",2013,38115
"1435","Malta",2013,13094
"1436","Malta",2013,193
"1437","Malta",2013,1309
"1438","Malta",2013,3957
"1439","Malta",2013,7635
"1440","Netherlands",2013,416717
"1441","Austria",2013,319035
"1442","Austria",2013,26119
"1443","Austria",2013,83281
"1444","Austria",2013,107371
"1445","Austria",2013,102264
"1446","Poland",2013,987809
"1447","Poland",2013,45838
"1448","Poland",2013,195062
"1449","Poland",2013,325764
"1450","Poland",2013,421145
"1451","Romania",2013,279740
"1452","Romania",2013,23609
"1453","Romania",2013,92534
"1454","Romania",2013,101822
"1455","Romania",2013,61775
"1456","Slovenia",2013,51968
"1457","Slovakia",2013,113876
"1458","Finland",2013,103450
"1459","Finland",2013,1963
"1460","Finland",2013,18884
"1461","Finland",2013,39464
"1462","Finland",2013,43139
"1463","Sweden",2013,292162
"1464","Sweden",2013,6414
"1465","Sweden",2013,41657
"1466","Sweden",2013,70605
"1467","Sweden",2013,173486
"1468","Liechtenstein",2013,1920
"1469","Liechtenstein",2013,91
"1470","Liechtenstein",2013,330
"1471","Liechtenstein",2013,429
"1472","Liechtenstein",2013,1070
"1473","Norway",2013,176019
"1474","Norway",2013,10896
"1475","Norway",2013,33623
"1476","Norway",2013,62946
"1477","Norway",2013,68554
"1478","Switzerland",2013,310200
"1479","Switzerland",2013,9900
"1480","Switzerland",2013,60600
"1481","Switzerland",2013,85000
"1482","Switzerland",2013,154700
"1483","Turkey",2013,654905
"1484","Bulgaria",2014,211033
"1485","Germany (until 1990 former territory of the FRG)",2014,3036773
"1486","Estonia",2014,21128
"1487","Estonia",2014,159
"1488","Estonia",2014,3235
"1489","Estonia",2014,8051
"1490","Estonia",2014,9683
"1491","Ireland",2014,84136
"1492","Greece",2014,84445
"1493","France",2014,1765855
"1494","France",2014,271160
"1495","France",2014,700863
"1496","France",2014,561340
"1497","France",2014,232492
"1498","Croatia",2014,68522
"1499","Croatia",2014,5365
"1500","Croatia",2014,19449
"1501","Croatia",2014,28313
"1502","Croatia",2014,15395
"1503","Cyprus",2014,17933
"1504","Cyprus",2014,3366
"1505","Cyprus",2014,5194
"1506","Cyprus",2014,4534
"1507","Cyprus",2014,4839
"1508","Latvia",2014,13173
"1509","Latvia",2014,202
"1510","Latvia",2014,1601
"1511","Latvia",2014,5203
"1512","Latvia",2014,6167
"1513","Lithuania",2014,139438
"1514","Lithuania",2014,2968
"1515","Lithuania",2014,13721
"1516","Lithuania",2014,48189
"1517","Lithuania",2014,74560
"1518","Hungary",2014,164420
"1519","Hungary",2014,14640
"1520","Hungary",2014,41977
"1521","Hungary",2014,56818
"1522","Hungary",2014,50985
"1523","Malta",2014,15439
"1524","Malta",2014,187
"1525","Malta",2014,2075
"1526","Malta",2014,5113
"1527","Malta",2014,8064
"1528","Austria",2014,303318
"1529","Austria",2014,23455
"1530","Austria",2014,82829
"1531","Austria",2014,102218
"1532","Austria",2014,94816
"1533","Poland",2014,1047598
"1534","Poland",2014,44492
"1535","Poland",2014,198013
"1536","Poland",2014,343346
"1537","Poland",2014,461747
"1538","Portugal",2014,199288
"1539","Slovenia",2014,54086
"1540","Slovakia",2014,125813
"1541","Finland",2014,106235
"1542","Finland",2014,1635
"1543","Finland",2014,19695
"1544","Finland",2014,43868
"1545","Finland",2014,41037
"1546","Sweden",2014,324030
"1547","Sweden",2014,6005
"1548","Sweden",2014,47081
"1549","Sweden",2014,85690
"1550","Sweden",2014,185254
"1551","Liechtenstein",2014,1800
"1552","Liechtenstein",2014,60
"1553","Liechtenstein",2014,282
"1554","Liechtenstein",2014,395
"1555","Liechtenstein",2014,1063
"1556","Norway",2014,172042
"1557","Norway",2014,7739
"1558","Norway",2014,36516
"1559","Norway",2014,60817
"1560","Norway",2014,66970
"1561","Switzerland",2014,304100
"1562","Switzerland",2014,9200
"1563","Switzerland",2014,58700
"1564","Switzerland",2014,84200
"1565","Switzerland",2014,152000
"1566","Turkey",2014,585814
"1567","Turkey",2014,1170
"1568","Turkey",2014,178508
"1569","Turkey",2014,312923
"1570","Turkey",2014,93213
